university_name,selected_year,track_2025,program_status_2026,collection_status
가천대학교,2021,GENERAL,AI_CENTERED_TRANSITION,DISCOVERED
경기대학교,2021,GENERAL,SW_CENTERED,DISCOVERED
경북대학교,2021,GENERAL,SW_CENTERED,DISCOVERED
성균관대학교,2021,GENERAL,AI_CENTERED_TRANSITION,DISCOVERED
순천향대학교,2021,GENERAL,AI_CENTERED_TRANSITION,DISCOVERED
전남대학교,2021,GENERAL,SW_CENTERED,DISCOVERED
충남대학교,2021,GENERAL,SW_CENTERED,DISCOVERED
국민대학교,2022,GENERAL,SW_CENTERED,DISCOVERED
숙명여자대학교,2022,GENERAL,SW_CENTERED,DISCOVERED
아주대학교,2022,GENERAL,SW_CENTERED,DISCOVERED
인하대학교,2022,GENERAL,SW_CENTERED,DISCOVERED
전북대학교,2022,GENERAL,SW_CENTERED,DISCOVERED
한국과학기술원,2022,GENERAL,AI_COLLEGE,DISCOVERED
한밭대학교,2022,GENERAL,SW_CENTERED,DISCOVERED
경남대학교,2023,GENERAL,SW_CENTERED,DISCOVERED
경희대학교,2023,GENERAL,SW_CENTERED,DISCOVERED
고려대학교,2023,GENERAL,AI_CENTERED_TRANSITION,DISCOVERED
군산대학교,2023,GENERAL,SW_CENTERED,DISCOVERED
동국대학교,2023,GENERAL,SW_CENTERED,DISCOVERED
동아대학교,2023,GENERAL,SW_CENTERED,DISCOVERED
부산대학교,2023,GENERAL,SW_CENTERED,DISCOVERED
국립순천대학교,2023,GENERAL,SW_CENTERED,DISCOVERED
연세대학교,2023,GENERAL,AI_CENTERED_TRANSITION,DISCOVERED
영남대학교,2023,GENERAL,SW_CENTERED,DISCOVERED
한동대학교,2023,GENERAL,SW_CENTERED,DISCOVERED
건양대학교,2024,GENERAL,SW_CENTERED,DISCOVERED
고려대학교 세종캠퍼스,2024,GENERAL,SW_CENTERED,DISCOVERED
국립공주대학교,2024,GENERAL,SW_CENTERED,DISCOVERED
단국대학교,2024,GENERAL,SW_CENTERED,DISCOVERED
국립부경대학교,2024,GENERAL,SW_CENTERED,DISCOVERED
서강대학교,2024,GENERAL,AI_CENTERED_TRANSITION,DISCOVERED
선문대학교,2024,GENERAL,SW_CENTERED,DISCOVERED
세종대학교,2024,GENERAL,SW_CENTERED,DISCOVERED
숭실대학교,2024,GENERAL,AI_CENTERED_TRANSITION,DISCOVERED
우송대학교,2024,GENERAL,SW_CENTERED,DISCOVERED
울산대학교,2024,GENERAL,SW_CENTERED,DISCOVERED
조선대학교,2024,GENERAL,SW_CENTERED,DISCOVERED
한림대학교,2024,GENERAL,SW_CENTERED,DISCOVERED
한성대학교,2024,GENERAL,SW_CENTERED,SOURCES_COLLECTED
한양대학교 ERICA,2024,GENERAL,SW_CENTERED,DISCOVERED
강원대학교,2025,GENERAL,SW_CENTERED,DISCOVERED
대구대학교,2025,GENERAL,SW_CENTERED,DISCOVERED
대전대학교,2025,GENERAL,SW_CENTERED,DISCOVERED
서울시립대학교,2025,GENERAL,SW_CENTERED,DISCOVERED
중앙대학교,2025,GENERAL,SW_CENTERED,DISCOVERED
청주대학교,2025,GENERAL,SW_CENTERED,DISCOVERED
한국기술교육대학교,2025,GENERAL,SW_CENTERED,DISCOVERED
호서대학교,2025,GENERAL,SW_CENTERED,DISCOVERED
삼육대학교,2021,SPECIALIZED,SW_CENTERED,DISCOVERED
한국항공대학교,2021,SPECIALIZED,SW_CENTERED,DISCOVERED
경운대학교,2022,SPECIALIZED,SW_CENTERED,DISCOVERED
인제대학교,2022,SPECIALIZED,SW_CENTERED,DISCOVERED
신한대학교,2023,SPECIALIZED,SW_CENTERED,DISCOVERED
한라대학교,2023,SPECIALIZED,SW_CENTERED,DISCOVERED
국립창원대학교,2024,SPECIALIZED,SW_CENTERED,DISCOVERED
한신대학교,2024,SPECIALIZED,SW_CENTERED,DISCOVERED
목원대학교,2025,SPECIALIZED,SW_CENTERED,DISCOVERED
한국공학대학교,2025,SPECIALIZED,SW_CENTERED,DISCOVERED
